cut_index,cutoff,identity_distance,identity_overlap,max_bond,max_chain_bond,max_internal_link,max_links,norm,num_tensors,problem_number,qasm_line,run_swap_optimization,runtime_seconds,stride,swap_hows,swap_max_its,total_elems,total_links,total_shapes,window_size
21,0.0001,1.0,1.0482134007752389e-20,4,2,4,7,trace_overlap,24,3,25,False,0.05665833409875631,1,"('both', 'left', 'right')",100,332,106,176,21
22,0.0001,1.0,8.693196765919707e-21,4,2,4,7,trace_overlap,24,3,26,False,0.028989583253860474,1,"('both', 'left', 'right')",100,332,106,176,21
23,0.0001,1.0,7.027847874735975e-21,4,2,4,7,trace_overlap,24,3,27,False,0.02856037486344576,1,"('both', 'left', 'right')",100,332,106,176,21
24,0.0001,1.0,5.0005765267871755e-21,4,2,4,7,trace_overlap,24,3,28,False,0.028649707790464163,1,"('both', 'left', 'right')",100,332,106,176,21
25,0.0001,1.0,2.2565747017282093e-20,4,2,4,7,trace_overlap,24,3,29,False,0.07507512485608459,1,"('both', 'left', 'right')",100,332,106,176,21
26,0.0001,1.0,3.8647221277099854e-28,4,2,4,7,trace_overlap,24,3,30,False,0.030342500191181898,1,"('both', 'left', 'right')",100,332,106,176,21
27,0.0001,1.0,1.2253349948237694e-29,4,2,4,7,trace_overlap,24,3,31,False,0.029811874963343143,1,"('both', 'left', 'right')",100,236,106,172,21
28,0.0001,1.0,1.2447582529719096e-22,4,2,4,7,trace_overlap,24,3,32,False,0.029265124816447496,1,"('both', 'left', 'right')",100,236,106,172,21
29,0.0001,1.0,6.223791208218174e-23,8,2,8,7,trace_overlap,24,3,33,False,0.03004037495702505,1,"('both', 'left', 'right')",100,340,108,184,21
30,0.0001,1.0,1.0183356907427462e-22,8,2,8,7,trace_overlap,24,3,34,False,0.030112083069980145,1,"('both', 'left', 'right')",100,500,108,188,21
31,0.0001,1.0,7.929883861414121e-23,8,2,8,7,trace_overlap,24,3,35,False,0.028981999959796667,1,"('both', 'left', 'right')",100,500,108,188,21
32,0.0001,1.0,7.421076338103566e-23,8,2,8,7,trace_overlap,24,3,36,False,0.030673291999846697,1,"('both', 'left', 'right')",100,512,110,192,21
33,0.0001,1.0,8.262193319370117e-23,8,2,8,7,trace_overlap,24,3,37,False,0.03170616691932082,1,"('both', 'left', 'right')",100,512,110,192,21
34,0.0001,1.0,1.0436076069775701e-22,8,2,8,7,trace_overlap,24,3,38,False,0.030015666969120502,1,"('both', 'left', 'right')",100,512,110,192,21
35,0.0001,1.0,1.1112077139520582e-23,8,1,8,7,trace_overlap,24,3,39,False,0.030895249918103218,1,"('both', 'left', 'right')",100,504,110,190,21
36,0.0001,1.0,7.857427559042706e-24,8,2,8,7,trace_overlap,24,3,40,False,0.03086645808070898,1,"('both', 'left', 'right')",100,512,110,192,21
37,0.0001,1.0,6.964881605730118e-24,8,2,8,7,trace_overlap,24,3,41,False,0.029749874956905842,1,"('both', 'left', 'right')",100,512,110,192,21
38,0.0001,1.0,7.395048284176799e-23,8,2,8,7,trace_overlap,24,3,42,False,0.03102204203605652,1,"('both', 'left', 'right')",100,512,110,192,21
39,0.0001,1.0,6.827936113648365e-23,4,2,4,7,trace_overlap,24,3,43,False,0.031453083734959364,1,"('both', 'left', 'right')",100,364,112,188,21
40,0.0001,1.0,6.870377067246797e-23,4,2,4,7,trace_overlap,24,3,44,False,0.030152833089232445,1,"('both', 'left', 'right')",100,364,112,188,21
41,0.0001,1.0,3.7182266066705887e-23,4,4,4,7,trace_overlap,24,3,45,False,0.03156179189682007,1,"('both', 'left', 'right')",100,292,112,188,21
42,0.0001,1.0,2.6243568421020593e-23,4,4,4,7,trace_overlap,24,3,46,False,0.031091665849089622,1,"('both', 'left', 'right')",100,332,114,192,21
43,0.0001,1.0,1.9963919591872603e-23,4,4,4,7,trace_overlap,24,3,47,False,0.03131008381024003,1,"('both', 'left', 'right')",100,404,116,196,21
44,0.0001,1.0,4.1177191157608605e-23,4,4,4,7,trace_overlap,24,3,48,False,0.03131612529978156,1,"('both', 'left', 'right')",100,428,118,200,21
45,0.0001,1.0,2.549847441550946e-23,4,4,4,7,trace_overlap,24,3,49,False,0.030783457681536674,1,"('both', 'left', 'right')",100,428,118,200,21
46,0.0001,1.0,5.000702646562615e-23,4,4,4,7,trace_overlap,24,3,50,False,0.03094458393752575,1,"('both', 'left', 'right')",100,428,118,200,21
47,0.0001,1.0,2.4204025308513346e-22,4,4,4,7,trace_overlap,24,3,51,False,0.03219462512061,1,"('both', 'left', 'right')",100,408,116,196,21
48,0.0001,1.0,1.8225683218327112e-22,4,4,4,7,trace_overlap,24,3,52,False,0.031026000156998634,1,"('both', 'left', 'right')",100,408,116,196,21
49,0.0001,1.0,1.5701443981652424e-22,4,4,4,7,trace_overlap,24,3,53,False,0.031056541018188,1,"('both', 'left', 'right')",100,408,116,196,21
50,0.0001,1.0,2.132686845718998e-22,4,4,4,7,trace_overlap,24,3,54,False,0.031013207975775003,1,"('both', 'left', 'right')",100,408,116,196,21
51,0.0001,1.0,1.4960457759582536e-22,4,4,4,7,trace_overlap,24,3,55,False,0.0310419169254601,1,"('both', 'left', 'right')",100,408,116,196,21
52,0.0001,1.0,5.369165242331899e-23,4,4,4,7,trace_overlap,24,3,56,False,0.031532916240394115,1,"('both', 'left', 'right')",100,440,116,200,21
53,0.0001,1.0,5.923107917571242e-23,4,4,4,7,trace_overlap,24,3,57,False,0.03208925016224384,1,"('both', 'left', 'right')",100,440,116,200,21
54,0.0001,1.0,9.476955113812555e-23,8,4,8,7,trace_overlap,24,3,58,False,0.032454042229801416,1,"('both', 'left', 'right')",100,464,114,204,21
55,0.0001,1.0,4.596979677214316e-22,8,4,8,7,trace_overlap,24,3,59,False,0.031959583051502705,1,"('both', 'left', 'right')",100,464,114,204,21
56,0.0001,1.0,4.2043450325305947e-22,8,4,8,7,trace_overlap,24,3,60,False,0.031325667165219784,1,"('both', 'left', 'right')",100,432,114,200,21
57,0.0001,1.0,8.298399766125441e-22,8,4,8,7,trace_overlap,24,3,61,False,0.0312347081489861,1,"('both', 'left', 'right')",100,420,112,196,21
58,0.0001,1.0,1.1536551334136995e-21,8,4,8,7,trace_overlap,24,3,62,False,0.03126720944419503,1,"('both', 'left', 'right')",100,500,112,198,21
59,0.0001,1.0,1.2513864060854567e-21,8,4,8,7,trace_overlap,24,3,63,False,0.03137508314102888,1,"('both', 'left', 'right')",100,584,112,198,21
60,0.0001,1.0,3.691814881466519e-21,8,4,8,7,trace_overlap,24,3,64,False,0.031852166168391705,1,"('both', 'left', 'right')",100,832,110,198,21
61,0.0001,0.9999252287112075,7.477128879247945e-05,8,4,8,7,trace_overlap,24,3,65,False,0.030296040698885918,1,"('both', 'left', 'right')",100,832,110,198,21
62,0.0001,0.9998921293574131,0.00010787064258684906,8,4,8,7,trace_overlap,24,3,66,False,0.032123582903295755,1,"('both', 'left', 'right')",100,832,110,198,21
63,0.0001,0.9999243026973342,7.569730266578929e-05,8,4,8,7,trace_overlap,24,3,67,False,0.03209370793774724,1,"('both', 'left', 'right')",100,1024,110,198,21
64,0.0001,0.9999674459006355,3.25540993645401e-05,4,4,4,7,trace_overlap,24,3,68,False,0.03205687506124377,1,"('both', 'left', 'right')",100,640,110,190,21
65,0.0001,0.9999494068316762,5.0593168323811305e-05,4,4,4,7,trace_overlap,24,3,69,False,0.03265050007030368,1,"('both', 'left', 'right')",100,640,110,190,21
66,0.0001,0.9999989972429529,1.0027570470756698e-06,4,4,4,7,trace_overlap,24,3,70,False,0.03141483385115862,1,"('both', 'left', 'right')",100,640,110,190,21
67,0.0001,0.9999663351215122,3.366487848777665e-05,4,4,4,7,trace_overlap,24,3,71,False,0.03260825015604496,1,"('both', 'left', 'right')",100,640,110,190,21
68,0.0001,0.9998964298377093,0.0001035701622906401,4,4,4,7,trace_overlap,24,3,72,False,0.031700334046036005,1,"('both', 'left', 'right')",100,640,110,190,21
69,0.0001,0.9886698547997392,0.011330145200260728,4,4,4,7,trace_overlap,24,3,73,False,0.03317841701209545,1,"('both', 'left', 'right')",100,960,110,194,21
70,0.0001,0.989343609999868,0.010656390000131978,4,4,4,7,trace_overlap,24,3,74,False,0.03374754125252366,1,"('both', 'left', 'right')",100,960,110,194,21
71,0.0001,0.9620434741408505,0.03795652585914954,8,4,8,7,trace_overlap,24,3,75,False,0.03243120899423957,1,"('both', 'left', 'right')",100,1204,108,198,21
72,0.0001,0.9855059667071309,0.014494033292869152,8,4,8,7,trace_overlap,24,3,76,False,0.03161474969238043,1,"('both', 'left', 'right')",100,1204,108,198,21
73,0.0001,0.9938875742716508,0.006112425728349209,8,4,8,7,trace_overlap,24,3,77,False,0.031890916638076305,1,"('both', 'left', 'right')",100,1204,108,198,21
74,0.0001,0.9856760387129182,0.014323961287081757,4,4,4,7,trace_overlap,24,3,78,False,0.03234237525612116,1,"('both', 'left', 'right')",100,1388,106,186,21
75,0.0001,0.988844610696478,0.011155389303522048,8,4,8,7,trace_overlap,24,3,79,False,0.0340865827165544,1,"('both', 'left', 'right')",100,2476,106,194,21
76,0.0001,0.9900408314852863,0.009959168514713694,8,4,8,7,trace_overlap,24,3,80,False,0.033270041923969984,1,"('both', 'left', 'right')",100,1420,106,190,21
77,0.0001,0.9960415480214655,0.0039584519785344705,8,4,8,7,trace_overlap,24,3,81,False,0.0325630409643054,1,"('both', 'left', 'right')",100,1580,106,194,21
78,0.0001,0.9728356440554446,0.02716435594455539,8,4,8,7,trace_overlap,24,3,82,False,0.032386832870543,1,"('both', 'left', 'right')",100,1580,106,194,21
79,0.0001,0.997237601881877,0.0027623981181229135,8,4,8,7,trace_overlap,24,3,83,False,0.034707124810665846,1,"('both', 'left', 'right')",100,2732,106,202,21
80,0.0001,0.9882714761328028,0.011728523867197303,8,4,8,8,trace_overlap,24,3,84,False,0.03812904190272093,1,"('both', 'left', 'right')",100,4784,108,206,21
81,0.0001,0.9847637576315967,0.015236242368403277,8,4,8,8,trace_overlap,24,3,85,False,0.03754291730001569,1,"('both', 'left', 'right')",100,4720,108,202,21
82,0.0001,0.985030544261547,0.014969455738452974,8,4,8,8,trace_overlap,24,3,86,False,0.034886874724179506,1,"('both', 'left', 'right')",100,4720,108,202,21
83,0.0001,0.9575577909792878,0.04244220902071212,8,4,8,8,trace_overlap,24,3,87,False,0.035769833251833916,1,"('both', 'left', 'right')",100,4720,108,202,21
84,0.0001,0.9790621350372268,0.020937864962773174,8,4,8,8,trace_overlap,24,3,88,False,0.0326196663081646,1,"('both', 'left', 'right')",100,4720,108,202,21
85,0.0001,0.9939546411222875,0.006045358877712472,4,4,4,8,trace_overlap,24,3,89,False,0.03306766599416733,1,"('both', 'left', 'right')",100,2544,108,194,21
86,0.0001,0.9730383523205903,0.0269616476794097,4,4,4,8,trace_overlap,24,3,90,False,0.032206082716584206,1,"('both', 'left', 'right')",100,2464,106,190,21
87,0.0001,0.9899877604310283,0.010012239568971725,4,4,4,8,trace_overlap,24,3,91,False,0.0333250411786139,1,"('both', 'left', 'right')",100,4520,106,194,21
88,0.0001,0.9856093865022892,0.014390613497710812,4,4,4,8,trace_overlap,24,3,92,False,0.03265637531876564,1,"('both', 'left', 'right')",100,2440,106,190,21
89,0.0001,0.9890693129290135,0.010930687070986515,4,4,4,8,trace_overlap,24,3,93,False,0.030384791549295187,1,"('both', 'left', 'right')",100,2440,106,190,21
90,0.0001,0.9922141487119865,0.007785851288013418,4,4,4,8,trace_overlap,24,3,94,False,0.03200445789843798,1,"('both', 'left', 'right')",100,2440,106,190,21
91,0.0001,0.9971198118848112,0.0028801881151887167,4,4,4,8,trace_overlap,24,3,95,False,0.032030082773417234,1,"('both', 'left', 'right')",100,1352,106,186,21
92,0.0001,0.9981639568442577,0.001836043155742279,4,4,4,8,trace_overlap,24,3,96,False,0.032022083178162575,1,"('both', 'left', 'right')",100,1264,108,186,21
93,0.0001,0.9991597594554384,0.0008402405445615004,4,4,4,8,trace_overlap,24,3,97,False,0.03089004196226597,1,"('both', 'left', 'right')",100,1264,108,186,21
94,0.0001,0.9998589886713164,0.00014101132868364638,4,4,4,8,trace_overlap,24,3,98,False,0.031939209438860416,1,"('both', 'left', 'right')",100,1264,108,186,21
95,0.0001,0.9995790168406331,0.00042098315936688475,4,4,4,8,trace_overlap,24,3,99,False,0.03306224988773465,1,"('both', 'left', 'right')",100,1272,110,190,21
96,0.0001,0.9994247593677886,0.000575240632211406,4,4,4,8,trace_overlap,24,3,100,False,0.03263991605490446,1,"('both', 'left', 'right')",100,1272,110,190,21
97,0.0001,0.9997661645848763,0.0002338354151236518,4,4,4,8,trace_overlap,24,3,101,False,0.03265316691249609,1,"('both', 'left', 'right')",100,764,112,190,21
98,0.0001,0.9998287035018725,0.00017129649812757533,4,4,4,8,trace_overlap,24,3,102,False,0.03136154217645526,1,"('both', 'left', 'right')",100,764,112,190,21
99,0.0001,0.9999999989910994,1.0089006055786966e-09,4,4,4,8,trace_overlap,24,3,103,False,0.032638625241816044,1,"('both', 'left', 'right')",100,764,112,190,21
100,0.0001,0.9999920405490401,7.9594509598818e-06,4,4,4,8,trace_overlap,24,3,104,False,0.03485641675069928,1,"('both', 'left', 'right')",100,764,112,190,21
101,0.0001,0.9998891469659839,0.00011085303401616081,4,4,4,8,trace_overlap,24,3,105,False,0.03474387479946017,1,"('both', 'left', 'right')",100,732,110,186,21
102,0.0001,0.9997280628142684,0.00027193718573159285,4,4,4,8,trace_overlap,24,3,106,False,0.03189683286473155,1,"('both', 'left', 'right')",100,732,110,186,21
103,0.0001,0.9998899630267454,0.00011003697325458318,4,2,4,8,trace_overlap,24,3,107,False,0.03197420900687575,1,"('both', 'left', 'right')",100,488,112,186,21
104,0.0001,0.9999959921246596,4.007875340428578e-06,4,4,4,7,trace_overlap,24,3,108,False,0.032092582900077105,1,"('both', 'left', 'right')",100,500,112,190,21
105,0.0001,0.9998943732414317,0.00010562675856824866,4,4,4,7,trace_overlap,24,3,109,False,0.031706334091722965,1,"('both', 'left', 'right')",100,520,114,194,21
106,0.0001,0.9999984315475318,1.5684524682415783e-06,4,4,4,7,trace_overlap,24,3,110,False,0.032046624924987555,1,"('both', 'left', 'right')",100,536,116,198,21
107,0.0001,0.9999602438036336,3.975619636640376e-05,4,4,4,7,trace_overlap,24,3,111,False,0.03299345774576068,1,"('both', 'left', 'right')",100,536,116,198,21
108,0.0001,0.9999993097370835,6.902629164605786e-07,4,4,4,7,trace_overlap,24,3,112,False,0.03392420802265406,1,"('both', 'left', 'right')",100,536,116,198,21
109,0.0001,0.9999999999999876,1.2463361655525539e-14,4,4,4,7,trace_overlap,24,3,113,False,0.031565374694764614,1,"('both', 'left', 'right')",100,536,116,198,21
110,0.0001,0.9999995447842561,4.552157438579584e-07,4,4,4,7,trace_overlap,24,3,114,False,0.03074658289551735,1,"('both', 'left', 'right')",100,536,116,198,21
111,0.0001,0.9999999873487023,1.2651297724100623e-08,4,4,4,7,trace_overlap,24,3,115,False,0.032242124900221825,1,"('both', 'left', 'right')",100,408,116,198,21
112,0.0001,0.9999999223357324,7.766426760423497e-08,4,4,4,7,trace_overlap,24,3,116,False,0.08614004217088223,1,"('both', 'left', 'right')",100,384,116,196,21
113,0.0001,0.9999984747631513,1.5252368486842195e-06,4,4,4,7,trace_overlap,24,3,117,False,0.031984416767954826,1,"('both', 'left', 'right')",100,372,114,192,21
114,0.0001,0.9999999998397373,1.6026265349883168e-10,4,4,4,7,trace_overlap,24,3,118,False,0.03060633409768343,1,"('both', 'left', 'right')",100,372,114,192,21
115,0.0001,0.9999999997664081,2.3359192977663046e-10,4,4,4,7,trace_overlap,24,3,119,False,0.03019270906224847,1,"('both', 'left', 'right')",100,372,114,192,21
116,0.0001,0.9999948122815511,5.187718448892568e-06,4,4,4,7,trace_overlap,24,3,120,False,0.031419167295098305,1,"('both', 'left', 'right')",100,388,116,196,21
117,0.0001,0.9999945152035689,5.484796431102165e-06,4,4,4,7,trace_overlap,24,3,121,False,0.031524999998509884,1,"('both', 'left', 'right')",100,320,114,192,21
118,0.0001,0.9999982938519325,1.706148067519169e-06,4,4,4,7,trace_overlap,24,3,122,False,0.031438666861504316,1,"('both', 'left', 'right')",100,368,114,196,21
119,0.0001,0.9999999997313478,2.6865223142870817e-10,4,4,4,7,trace_overlap,24,3,123,False,0.03173116594552994,1,"('both', 'left', 'right')",100,368,114,196,21
120,0.0001,0.9999978697212507,2.130278749297182e-06,4,2,4,7,trace_overlap,24,3,124,False,0.03396000014618039,1,"('both', 'left', 'right')",100,328,114,192,21
121,0.0001,0.9999920573675214,7.94263247860124e-06,4,2,4,7,trace_overlap,24,3,125,False,0.03266783291473985,1,"('both', 'left', 'right')",100,308,112,188,21
122,0.0001,0.9999968870154575,3.1129845424439297e-06,4,2,4,7,trace_overlap,24,3,126,False,0.03014620766043663,1,"('both', 'left', 'right')",100,308,112,188,21
123,0.0001,0.9999957863728379,4.2136271620366145e-06,4,2,4,7,trace_overlap,24,3,127,False,0.03089670790359378,1,"('both', 'left', 'right')",100,388,112,192,21
124,0.0001,0.99998838039184,1.1619608160012352e-05,4,2,4,7,trace_overlap,24,3,128,False,0.030816666781902313,1,"('both', 'left', 'right')",100,388,112,192,21
125,0.0001,0.9999945277865484,5.472213451560267e-06,8,1,8,7,trace_overlap,24,3,129,False,0.030787458177655935,1,"('both', 'left', 'right')",100,536,112,198,21
126,0.0001,0.9999921678988958,7.832101104232478e-06,8,1,8,7,trace_overlap,24,3,130,False,0.03231104090809822,1,"('both', 'left', 'right')",100,536,112,198,21
127,0.0001,0.9999895663338472,1.0433666152811559e-05,8,1,8,7,trace_overlap,24,3,131,False,0.03292745817452669,1,"('both', 'left', 'right')",100,536,112,198,21
128,0.0001,0.9999999995046975,4.953024957556139e-10,8,1,8,8,trace_overlap,24,3,132,False,0.03229133412241936,1,"('both', 'left', 'right')",100,600,114,202,21
129,0.0001,0.9999926584440083,7.34155599170667e-06,8,1,8,8,trace_overlap,24,3,133,False,0.03084754105657339,1,"('both', 'left', 'right')",100,580,112,198,21
130,0.0001,0.9999856249460702,1.43750539297537e-05,8,1,8,8,trace_overlap,24,3,134,False,0.03155858302488923,1,"('both', 'left', 'right')",100,544,112,196,21
131,0.0001,0.9999787379459616,2.1262054038378207e-05,8,1,8,8,trace_overlap,24,3,135,False,0.030077791772782803,1,"('both', 'left', 'right')",100,544,112,196,21
132,0.0001,0.9999846162825298,1.5383717470222534e-05,8,1,8,8,trace_overlap,24,3,136,False,0.030899290926754475,1,"('both', 'left', 'right')",100,544,112,196,21
133,0.0001,0.9999691166618376,3.088333816241706e-05,8,1,8,8,trace_overlap,24,3,137,False,0.03157087508589029,1,"('both', 'left', 'right')",100,544,112,196,21
134,0.0001,0.999846218877819,0.00015378112218099164,8,1,8,8,trace_overlap,24,3,138,False,0.03275787504389882,1,"('both', 'left', 'right')",100,544,112,196,21
135,0.0001,0.9998418422615093,0.00015815773849066117,8,1,8,8,trace_overlap,24,3,139,False,0.03135295771062374,1,"('both', 'left', 'right')",100,544,112,196,21
136,0.0001,0.99989913443636,0.00010086556363997769,8,1,8,8,trace_overlap,24,3,140,False,0.03092062473297119,1,"('both', 'left', 'right')",100,384,112,192,21
137,0.0001,0.9960082605379922,0.003991739462007832,8,1,8,8,trace_overlap,24,3,141,False,0.0307732499204576,1,"('both', 'left', 'right')",100,384,112,192,21
138,0.0001,0.9998857997121763,0.00011420028782367116,8,1,8,8,trace_overlap,24,3,142,False,0.0308767082169652,1,"('both', 'left', 'right')",100,384,112,192,21
139,0.0001,0.9959695448079019,0.0040304551920981565,4,1,4,8,trace_overlap,24,3,143,False,0.030204208102077246,1,"('both', 'left', 'right')",100,288,112,184,21
140,0.0001,0.996575148160372,0.003424851839628001,4,1,4,8,trace_overlap,24,3,144,False,0.030009709298610687,1,"('both', 'left', 'right')",100,288,112,184,21
141,0.0001,0.9934897827692555,0.006510217230744558,4,1,4,8,trace_overlap,24,3,145,False,0.031913625076413155,1,"('both', 'left', 'right')",100,288,112,184,21
142,0.0001,0.9918318189303654,0.008168181069634602,4,1,4,8,trace_overlap,24,3,146,False,0.030250207986682653,1,"('both', 'left', 'right')",100,288,112,184,21
143,0.0001,0.9881318611750951,0.011868138824904876,4,1,4,8,trace_overlap,24,3,147,False,0.02986516710370779,1,"('both', 'left', 'right')",100,288,112,184,21
144,0.0001,0.9919753986044566,0.00802460139554341,4,1,4,8,trace_overlap,24,3,148,False,0.030290875118225813,1,"('both', 'left', 'right')",100,288,112,184,21
145,0.0001,0.9923351892481841,0.007664810751815933,4,1,4,7,trace_overlap,24,3,149,False,0.030234832782298326,1,"('both', 'left', 'right')",100,240,110,180,21
146,0.0001,0.988502662549224,0.011497337450775929,4,1,4,7,trace_overlap,24,3,150,False,0.029639791697263718,1,"('both', 'left', 'right')",100,264,110,182,21
147,0.0001,0.9917232815060755,0.008276718493924548,4,1,4,7,trace_overlap,24,3,151,False,0.029443874955177307,1,"('both', 'left', 'right')",100,264,110,182,21
148,0.0001,0.9919636377624972,0.008036362237502861,4,1,4,7,trace_overlap,24,3,152,False,0.029699333012104034,1,"('both', 'left', 'right')",100,264,110,182,21
149,0.0001,0.991779000293676,0.008220999706323933,4,1,4,7,trace_overlap,24,3,153,False,0.030026332940906286,1,"('both', 'left', 'right')",100,264,110,182,21
150,0.0001,0.9923380241129659,0.007661975887034102,8,1,8,7,trace_overlap,24,3,154,False,0.029621375259011984,1,"('both', 'left', 'right')",100,312,110,190,21
151,0.0001,0.990665408097548,0.009334591902452056,8,1,8,7,trace_overlap,24,3,155,False,0.028907499741762877,1,"('both', 'left', 'right')",100,312,110,190,21
152,0.0001,0.9929321967588122,0.007067803241187822,4,1,4,7,trace_overlap,24,3,156,False,0.02976704202592373,1,"('both', 'left', 'right')",100,264,110,182,21
153,0.0001,0.9940299785717239,0.005970021428276067,4,1,4,7,trace_overlap,24,3,157,False,0.02909379219636321,1,"('both', 'left', 'right')",100,264,110,182,21
154,0.0001,0.9913189458547528,0.008681054145247245,4,1,4,7,trace_overlap,24,3,158,False,0.03013716684654355,1,"('both', 'left', 'right')",100,264,110,182,21
155,0.0001,0.9939716197455971,0.006028380254402898,4,1,4,7,trace_overlap,24,3,159,False,0.0298805832862854,1,"('both', 'left', 'right')",100,264,110,182,21
156,0.0001,0.9863672669971131,0.013632733002886943,4,1,4,7,trace_overlap,24,3,160,False,0.030422208830714226,1,"('both', 'left', 'right')",100,264,110,182,21
157,0.0001,0.9910399222078534,0.008960077792146595,4,1,4,7,trace_overlap,24,3,161,False,0.0297757089138031,1,"('both', 'left', 'right')",100,264,110,182,21
158,0.0001,0.992371214577553,0.007628785422447075,4,1,4,7,trace_overlap,24,3,162,False,0.02981841703876853,1,"('both', 'left', 'right')",100,232,108,178,21
159,0.0001,0.9883411630678622,0.011658836932137793,4,1,4,7,trace_overlap,24,3,163,False,0.030608333181589842,1,"('both', 'left', 'right')",100,296,108,182,21
160,0.0001,0.9885306674712881,0.0114693325287118,4,1,4,7,trace_overlap,24,3,164,False,0.029740834143012762,1,"('both', 'left', 'right')",100,272,108,178,21
161,0.0001,0.9878451152537552,0.012154884746244808,4,1,4,7,trace_overlap,24,3,165,False,0.02918750001117587,1,"('both', 'left', 'right')",100,272,108,178,21
162,0.0001,0.9909873172350908,0.009012682764909153,4,1,4,7,trace_overlap,24,3,166,False,0.030004583299160004,1,"('both', 'left', 'right')",100,272,108,178,21
163,0.0001,0.9889057838973977,0.011094216102602299,4,1,4,7,trace_overlap,24,3,167,False,0.029446457978338003,1,"('both', 'left', 'right')",100,272,108,178,21
164,0.0001,0.9864169940836833,0.013583005916316618,4,1,4,7,trace_overlap,24,3,168,False,0.029446582775563,1,"('both', 'left', 'right')",100,272,108,178,21
165,0.0001,0.9989146424592034,0.0010853575407966272,4,1,4,7,trace_overlap,24,3,169,False,0.029947000090032816,1,"('both', 'left', 'right')",100,272,108,178,21
166,0.0001,0.9916247127084308,0.008375287291569259,4,1,4,7,trace_overlap,24,3,170,False,0.029216417111456394,1,"('both', 'left', 'right')",100,272,108,178,21
167,0.0001,0.9822123891254483,0.01778761087455171,4,1,4,7,trace_overlap,24,3,171,False,0.03003458259627223,1,"('both', 'left', 'right')",100,260,106,174,21
168,0.0001,0.9854862588147307,0.014513741185269286,4,1,4,7,trace_overlap,24,3,172,False,0.030564541928470135,1,"('both', 'left', 'right')",100,260,106,174,21
169,0.0001,0.9922412448678993,0.007758755132100665,4,1,4,7,trace_overlap,24,3,173,False,0.02939637517556548,1,"('both', 'left', 'right')",100,260,106,174,21
170,0.0001,0.9939997144859074,0.006000285514092572,32,1,32,7,trace_overlap,24,3,174,False,0.030491000041365623,1,"('both', 'left', 'right')",100,1348,106,238,21
171,0.0001,0.9999999995712868,4.287131808324016e-10,4,1,4,6,trace_overlap,24,3,175,False,0.029636667110025883,1,"('both', 'left', 'right')",100,236,104,174,21
172,0.0001,0.9962135216469127,0.0037864783530873495,4,1,4,6,trace_overlap,24,3,176,False,0.028625749982893467,1,"('both', 'left', 'right')",100,236,104,174,21
173,0.0001,0.9859668525554431,0.0140331474445569,4,1,4,6,trace_overlap,24,3,177,False,0.02948733326047659,1,"('both', 'left', 'right')",100,196,104,170,21
174,0.0001,0.9721692376071878,0.027830762392812222,4,1,4,6,trace_overlap,24,3,178,False,0.02898237481713295,1,"('both', 'left', 'right')",100,196,104,170,21
175,0.0001,0.9999883822406488,1.1617759351219408e-05,4,1,4,6,trace_overlap,24,3,179,False,0.03011625027284026,1,"('both', 'left', 'right')",100,196,104,170,21
176,0.0001,1.0,4.035107398215748e-20,4,1,4,6,trace_overlap,24,3,180,False,0.029690958093851805,1,"('both', 'left', 'right')",100,192,104,170,21
177,0.0001,1.0,1.6867819971156936e-19,32,1,32,6,trace_overlap,24,3,181,False,0.030277375131845474,1,"('both', 'left', 'right')",100,1308,106,238,21
178,0.0001,0.9928094970310556,0.007190502968944438,32,1,32,6,trace_overlap,24,3,182,False,0.029457875061780214,1,"('both', 'left', 'right')",100,1308,106,238,21
179,0.0001,0.9902821376227885,0.009717862377211504,32,1,32,7,trace_overlap,24,3,183,False,0.02999941725283861,1,"('both', 'left', 'right')",100,1328,108,242,21
180,0.0001,0.9871247255064182,0.012875274493581793,32,1,32,7,trace_overlap,24,3,184,False,0.030413332860916853,1,"('both', 'left', 'right')",100,800,108,234,21
181,0.0001,0.9981602419672356,0.0018397580327643688,32,1,32,7,trace_overlap,24,3,185,False,0.029056041967123747,1,"('both', 'left', 'right')",100,800,108,234,21
182,0.0001,0.9982499001860676,0.0017500998139323937,32,1,32,7,trace_overlap,24,3,186,False,0.029032708145678043,1,"('both', 'left', 'right')",100,800,108,234,21
183,0.0001,0.9974837510053853,0.0025162489946147213,16,2,16,7,trace_overlap,24,3,187,False,0.03086104104295373,1,"('both', 'left', 'right')",100,492,108,204,21
184,0.0001,0.9986828336218763,0.0013171663781237461,16,2,16,7,trace_overlap,24,3,188,False,0.030309999827295542,1,"('both', 'left', 'right')",100,492,108,204,21
185,0.0001,0.9997225172192735,0.00027748278072646277,16,2,16,7,trace_overlap,24,3,189,False,0.029573125299066305,1,"('both', 'left', 'right')",100,492,108,204,21
186,0.0001,0.9998578496677192,0.0001421503322808331,16,2,16,7,trace_overlap,24,3,190,False,0.030217917170375586,1,"('both', 'left', 'right')",100,492,108,204,21
187,0.0001,0.995392218229171,0.004607781770829024,16,4,16,7,trace_overlap,24,3,191,False,0.030722791329026222,1,"('both', 'left', 'right')",100,504,108,206,21
188,0.0001,0.9911808204263158,0.008819179573684211,16,4,16,7,trace_overlap,24,3,192,False,0.029378707986325026,1,"('both', 'left', 'right')",100,504,108,206,21
189,0.0001,0.9953967416754467,0.004603258324553349,8,4,8,7,trace_overlap,24,3,193,False,0.030495291110128164,1,"('both', 'left', 'right')",100,356,108,192,21
190,0.0001,0.9986070978954746,0.0013929021045253798,4,4,4,7,trace_overlap,24,3,194,False,0.030735875014215708,1,"('both', 'left', 'right')",100,296,110,188,21
191,0.0001,0.9994352528287973,0.000564747171202749,4,4,4,7,trace_overlap,24,3,195,False,0.030836625024676323,1,"('both', 'left', 'right')",100,296,110,188,21
192,0.0001,0.9992012599792759,0.00079874002072406,4,4,4,7,trace_overlap,24,3,196,False,0.02960470924153924,1,"('both', 'left', 'right')",100,296,110,188,21
193,0.0001,0.9999999955090689,4.490931118307094e-09,4,4,4,7,trace_overlap,24,3,197,False,0.030006333719938993,1,"('both', 'left', 'right')",100,296,110,188,21
194,0.0001,0.9989099673578699,0.0010900326421301068,4,4,4,7,trace_overlap,24,3,198,False,0.02954658307135105,1,"('both', 'left', 'right')",100,296,110,188,21
195,0.0001,0.9980378159508768,0.001962184049123191,4,4,4,7,trace_overlap,24,3,199,False,0.030537208542227745,1,"('both', 'left', 'right')",100,296,110,188,21
196,0.0001,0.998555641200924,0.0014443587990760286,4,4,4,7,trace_overlap,24,3,200,False,0.030642458703368902,1,"('both', 'left', 'right')",100,296,110,188,21
197,0.0001,0.9962257240649193,0.0037742759350807417,4,4,4,7,trace_overlap,24,3,201,False,0.03075304115191102,1,"('both', 'left', 'right')",100,296,110,188,21
198,0.0001,0.996084091329875,0.003915908670125062,4,4,4,7,trace_overlap,24,3,202,False,0.03053000010550022,1,"('both', 'left', 'right')",100,252,108,180,21
199,0.0001,0.9937462141615927,0.0062537858384072885,4,4,4,7,trace_overlap,24,3,203,False,0.029939500149339437,1,"('both', 'left', 'right')",100,236,108,176,21
200,0.0001,0.9925392349445286,0.007460765055471444,4,4,4,7,trace_overlap,24,3,204,False,0.030469499994069338,1,"('both', 'left', 'right')",100,308,110,180,21
201,0.0001,0.9979811317800334,0.0020188682199665737,4,4,4,7,trace_overlap,24,3,205,False,0.030333000235259533,1,"('both', 'left', 'right')",100,308,110,180,21
202,0.0001,1.0,9.84716667525398e-20,4,4,4,7,trace_overlap,24,3,206,False,0.03061041608452797,1,"('both', 'left', 'right')",100,328,112,184,21
203,0.0001,1.0,0.0,4,4,4,7,trace_overlap,24,3,207,False,0.029608916956931353,1,"('both', 'left', 'right')",100,328,112,184,21
204,0.0001,1.0,1.3752399812512617e-19,4,4,4,7,trace_overlap,24,3,208,False,0.031246833968907595,1,"('both', 'left', 'right')",100,356,110,182,21
205,0.0001,1.0,2.4450522025274544e-19,4,4,4,7,trace_overlap,24,3,209,False,0.030909750144928694,1,"('both', 'left', 'right')",100,356,110,182,21
206,0.0001,0.9929618885572142,0.007038111442785783,4,4,4,7,trace_overlap,24,3,210,False,0.030726332683116198,1,"('both', 'left', 'right')",100,356,110,182,21
207,0.0001,0.9951751764908593,0.004824823509140745,4,4,4,7,trace_overlap,24,3,211,False,0.03047320805490017,1,"('both', 'left', 'right')",100,356,110,182,21
208,0.0001,0.9998441853487626,0.0001558146512374261,4,4,4,7,trace_overlap,24,3,212,False,0.03192566568031907,1,"('both', 'left', 'right')",100,376,112,186,21
209,0.0001,0.9994870812270246,0.0005129187729754164,4,4,4,7,trace_overlap,24,3,213,False,0.02991408295929432,1,"('both', 'left', 'right')",100,376,112,186,21
210,0.0001,0.9952028384878631,0.004797161512136916,4,4,4,7,trace_overlap,24,3,214,False,0.03183362493291497,1,"('both', 'left', 'right')",100,336,110,182,21
211,0.0001,0.9964452354013714,0.003554764598628562,4,4,4,7,trace_overlap,24,3,215,False,0.0332776247523725,1,"('both', 'left', 'right')",100,336,110,182,21
212,0.0001,0.9999999998940383,1.0596163671145407e-10,4,4,4,7,trace_overlap,24,3,216,False,0.032072207890450954,1,"('both', 'left', 'right')",100,328,108,178,21
213,0.0001,0.9997680085336735,0.00023199146632640923,4,4,4,7,trace_overlap,24,3,217,False,0.03030950017273426,1,"('both', 'left', 'right')",100,328,108,178,21
214,0.0001,0.9997440226751105,0.0002559773248895067,4,4,4,7,trace_overlap,24,3,218,False,0.08094974979758263,1,"('both', 'left', 'right')",100,328,108,178,21
215,0.0001,0.9996679959168254,0.00033200408317460376,4,4,4,7,trace_overlap,24,3,219,False,0.030560458078980446,1,"('both', 'left', 'right')",100,328,108,178,21
216,0.0001,0.9990399118364323,0.0009600881635677751,4,4,4,7,trace_overlap,24,3,220,False,0.033589084167033434,1,"('both', 'left', 'right')",100,328,108,178,21
217,0.0001,0.9989975067505824,0.0010024932494176319,4,4,4,7,trace_overlap,24,3,221,False,0.03098224988207221,1,"('both', 'left', 'right')",100,328,108,178,21
218,0.0001,0.9992154926256448,0.0007845073743551771,4,4,4,7,trace_overlap,24,3,222,False,0.031661500222980976,1,"('both', 'left', 'right')",100,308,106,174,21
219,0.0001,0.9979850834346703,0.002014916565329714,4,4,4,7,trace_overlap,24,3,223,False,0.031374416779726744,1,"('both', 'left', 'right')",100,324,108,178,21
220,0.0001,0.9988854501911291,0.0011145498088709744,4,4,4,7,trace_overlap,24,3,224,False,0.030116166919469833,1,"('both', 'left', 'right')",100,324,108,178,21
221,0.0001,0.9891417957274207,0.01085820427257935,4,4,4,7,trace_overlap,24,3,225,False,0.0317265409976244,1,"('both', 'left', 'right')",100,508,110,186,21
222,0.0001,0.9966478417212723,0.003352158278727701,4,4,4,7,trace_overlap,24,3,226,False,0.0329195000231266,1,"('both', 'left', 'right')",100,556,110,190,21
223,0.0001,0.9966436706975761,0.0033563293024238797,8,4,8,7,trace_overlap,24,3,227,False,0.033354084007442,1,"('both', 'left', 'right')",100,652,110,198,21
224,0.0001,0.9937601756081412,0.0062398243918587604,8,4,8,7,trace_overlap,24,3,228,False,0.03092979220673442,1,"('both', 'left', 'right')",100,652,110,198,21
225,0.0001,0.998227637474792,0.0017723625252079101,8,4,8,7,trace_overlap,24,3,229,False,0.030525708105415106,1,"('both', 'left', 'right')",100,652,110,198,21
226,0.0001,0.9978907566467778,0.00210924335322217,8,4,8,7,trace_overlap,24,3,230,False,0.0316104581579566,1,"('both', 'left', 'right')",100,504,110,196,21
227,0.0001,0.9978867416461871,0.0021132583538129796,8,4,8,7,trace_overlap,24,3,231,False,0.031592417042702436,1,"('both', 'left', 'right')",100,504,110,196,21
228,0.0001,0.9967441997749849,0.003255800225015126,8,4,8,7,trace_overlap,24,3,232,False,0.03120166575536132,1,"('both', 'left', 'right')",100,504,110,196,21
229,0.0001,0.9990341380057364,0.0009658619942636596,4,2,4,7,trace_overlap,24,3,233,False,0.03282599989324808,1,"('both', 'left', 'right')",100,376,110,188,21
230,0.0001,0.9986398559620062,0.0013601440379937594,4,2,4,7,trace_overlap,24,3,234,False,0.031961833126842976,1,"('both', 'left', 'right')",100,376,110,188,21
231,0.0001,0.9988051315645866,0.0011948684354134026,4,2,4,7,trace_overlap,24,3,235,False,0.031905415933579206,1,"('both', 'left', 'right')",100,376,110,188,21
232,0.0001,0.9999895944741761,1.0405525823900188e-05,4,2,4,7,trace_overlap,24,3,236,False,0.03148054191842675,1,"('both', 'left', 'right')",100,364,110,188,21
233,0.0001,0.9999895907609014,1.0409239098578633e-05,4,2,4,7,trace_overlap,24,3,237,False,0.030251957941800356,1,"('both', 'left', 'right')",100,364,110,188,21
234,0.0001,0.9999999105156484,8.948435160133821e-08,4,2,4,7,trace_overlap,24,3,238,False,0.030053875409066677,1,"('both', 'left', 'right')",100,364,110,188,21
235,0.0001,0.999998656726103,1.3432738970026315e-06,4,2,4,7,trace_overlap,24,3,239,False,0.03087212471291423,1,"('both', 'left', 'right')",100,324,110,186,21
236,0.0001,0.9999880078724962,1.1992127503838391e-05,4,2,4,7,trace_overlap,24,3,240,False,0.03157470794394612,1,"('both', 'left', 'right')",100,336,112,190,21
237,0.0001,0.9999980654362631,1.9345637368837622e-06,4,2,4,7,trace_overlap,24,3,241,False,0.03223783290013671,1,"('both', 'left', 'right')",100,336,112,190,21
238,0.0001,0.9999997287984428,2.7120155724557415e-07,4,2,4,7,trace_overlap,24,3,242,False,0.031556999776512384,1,"('both', 'left', 'right')",100,336,112,190,21
239,0.0001,0.999997287105428,2.7128945719907154e-06,4,2,4,7,trace_overlap,24,3,243,False,0.031184750143438578,1,"('both', 'left', 'right')",100,320,110,186,21
240,0.0001,0.9999477442155256,5.225578447446985e-05,4,2,4,7,trace_overlap,24,3,244,False,0.030739791225641966,1,"('both', 'left', 'right')",100,320,110,186,21
241,0.0001,0.9999640588848808,3.594111511922289e-05,4,2,4,7,trace_overlap,24,3,245,False,0.03039941703900695,1,"('both', 'left', 'right')",100,320,110,186,21
242,0.0001,0.9999999999980521,1.9478391201941087e-12,8,2,8,7,trace_overlap,24,3,246,False,0.030623292084783316,1,"('both', 'left', 'right')",100,376,110,190,21
243,0.0001,0.9999999999997521,2.4787142217332523e-13,8,2,8,7,trace_overlap,24,3,247,False,0.03230712516233325,1,"('both', 'left', 'right')",100,500,112,202,21
244,0.0001,0.9999959354871163,4.064512883736745e-06,4,2,4,6,trace_overlap,24,3,248,False,0.03241612482815981,1,"('both', 'left', 'right')",100,324,110,190,21
245,0.0001,0.9999999999466532,5.3346771195267124e-11,4,2,4,6,trace_overlap,24,3,249,False,0.03125041723251343,1,"('both', 'left', 'right')",100,324,110,190,21
246,0.0001,0.9999103713352241,8.962866477587865e-05,4,2,4,6,trace_overlap,24,3,250,False,0.03070095833390951,1,"('both', 'left', 'right')",100,268,110,184,21
247,0.0001,0.9988258182945529,0.0011741817054471222,4,4,4,7,trace_overlap,24,3,251,False,0.03086587507277727,1,"('both', 'left', 'right')",100,364,112,192,21
248,0.0001,0.9978855135985941,0.0021144864014059055,4,2,4,7,trace_overlap,24,3,252,False,0.030100165866315365,1,"('both', 'left', 'right')",100,244,110,180,21
249,0.0001,0.9977114295040206,0.0022885704959794318,4,2,4,7,trace_overlap,24,3,253,False,0.029514709021896124,1,"('both', 'left', 'right')",100,244,110,180,21
250,0.0001,0.9997213593053096,0.00027864069469037025,4,2,4,7,trace_overlap,24,3,254,False,0.03090791590511799,1,"('both', 'left', 'right')",100,292,110,184,21
251,0.0001,0.9999999999280558,7.194425379788852e-11,4,2,4,7,trace_overlap,24,3,255,False,0.029992666095495224,1,"('both', 'left', 'right')",100,292,110,184,21
252,0.0001,0.999978567592987,2.143240701298032e-05,4,2,4,7,trace_overlap,24,3,256,False,0.030556791927665472,1,"('both', 'left', 'right')",100,260,108,180,21
253,0.0001,0.999982800974395,1.7199025605085136e-05,4,2,4,7,trace_overlap,24,3,257,False,0.03055766597390175,1,"('both', 'left', 'right')",100,260,108,180,21
254,0.0001,0.999926973533742,7.302646625793569e-05,4,2,4,7,trace_overlap,24,3,258,False,0.02954866597428918,1,"('both', 'left', 'right')",100,260,108,180,21
255,0.0001,0.9999344846258318,6.551537416816515e-05,4,2,4,7,trace_overlap,24,3,259,False,0.029351958073675632,1,"('both', 'left', 'right')",100,260,108,180,21
256,0.0001,0.9999875049999807,1.2495000019316254e-05,4,2,4,7,trace_overlap,24,3,260,False,0.03020712500438094,1,"('both', 'left', 'right')",100,308,110,184,21
257,0.0001,0.999957842389662,4.21576103379895e-05,4,2,4,7,trace_overlap,24,3,261,False,0.030469499994069338,1,"('both', 'left', 'right')",100,348,110,188,21
258,0.0001,0.9999478694066606,5.213059333940283e-05,4,2,4,7,trace_overlap,24,3,262,False,0.031197000294923782,1,"('both', 'left', 'right')",100,272,108,180,21
259,0.0001,0.999935289877241,6.471012275898076e-05,4,2,4,7,trace_overlap,24,3,263,False,0.029333249665796757,1,"('both', 'left', 'right')",100,272,108,180,21
260,0.0001,0.99998738864964,1.2611350359985063e-05,4,2,4,7,trace_overlap,24,3,264,False,0.03033787477761507,1,"('both', 'left', 'right')",100,272,108,180,21
261,0.0001,0.9999503075758195,4.9692424180470335e-05,4,2,4,6,trace_overlap,24,3,265,False,0.02988158306106925,1,"('both', 'left', 'right')",100,276,106,180,21
262,0.0001,0.9998617107902587,0.00013828920974140303,4,2,4,6,trace_overlap,24,3,266,False,0.028629332780838013,1,"('both', 'left', 'right')",100,276,106,180,21
263,0.0001,0.9999636805437789,3.631945622109861e-05,4,2,4,6,trace_overlap,24,3,267,False,0.02983483299612999,1,"('both', 'left', 'right')",100,248,108,180,21
264,0.0001,0.9999670416462374,3.295835376262694e-05,4,2,4,6,trace_overlap,24,3,268,False,0.0300998343154788,1,"('both', 'left', 'right')",100,224,108,176,21
265,0.0001,0.9999681371679839,3.186283201601257e-05,4,2,4,6,trace_overlap,24,3,269,False,0.03050179174169898,1,"('both', 'left', 'right')",100,224,106,174,21
266,0.0001,0.999971717698218,2.8282301782009397e-05,4,2,4,6,trace_overlap,24,3,270,False,0.02989716688171029,1,"('both', 'left', 'right')",100,224,106,174,21
267,0.0001,0.9994906134064895,0.0005093865935105711,4,2,4,6,trace_overlap,24,3,271,False,0.03004120895639062,1,"('both', 'left', 'right')",100,232,108,178,21
268,0.0001,0.9996933548513891,0.0003066451486108971,4,2,4,6,trace_overlap,24,3,272,False,0.03013354167342186,1,"('both', 'left', 'right')",100,232,108,178,21
269,0.0001,0.99957634530672,0.00042365469327993783,2,2,2,6,trace_overlap,24,3,273,False,0.030367708299309015,1,"('both', 'left', 'right')",100,212,110,178,21
270,0.0001,0.99982593969795,0.00017406030204997414,2,2,2,7,trace_overlap,24,3,274,False,0.03095616726204753,1,"('both', 'left', 'right')",100,232,112,182,21
271,0.0001,0.9999136192248436,8.638077515643115e-05,4,2,4,7,trace_overlap,24,3,275,False,0.030982875265181065,1,"('both', 'left', 'right')",100,244,112,184,21
272,0.0001,0.9998434758069148,0.00015652419308523956,4,2,4,7,trace_overlap,24,3,276,False,0.03126637497916818,1,"('both', 'left', 'right')",100,260,114,188,21
273,0.0001,0.9997933684383036,0.00020663156169645232,4,2,4,7,trace_overlap,24,3,277,False,0.030023708939552307,1,"('both', 'left', 'right')",100,260,114,188,21
274,0.0001,0.9999144929450329,8.550705496715068e-05,4,2,4,8,trace_overlap,24,3,278,False,0.03097299998626113,1,"('both', 'left', 'right')",100,300,114,192,21
275,0.0001,0.9998438943207956,0.0001561056792043973,4,2,4,8,trace_overlap,24,3,279,False,0.03013458289206028,1,"('both', 'left', 'right')",100,300,114,192,21
276,0.0001,0.9999750482029532,2.4951797046739975e-05,4,2,4,8,trace_overlap,24,3,280,False,0.03106491593644023,1,"('both', 'left', 'right')",100,332,114,196,21
277,0.0001,0.99996760715414,3.239284585997435e-05,4,2,4,8,trace_overlap,24,3,281,False,0.030694374814629555,1,"('both', 'left', 'right')",100,372,114,200,21
278,0.0001,0.9998770225270959,0.00012297747290414743,4,2,4,8,trace_overlap,24,3,282,False,0.03062716731801629,1,"('both', 'left', 'right')",100,316,114,192,21
279,0.0001,0.9991889084628361,0.0008110915371638075,4,2,4,8,trace_overlap,24,3,283,False,0.03125570900738239,1,"('both', 'left', 'right')",100,316,114,192,21
280,0.0001,0.9994304860877,0.0005695139122999462,4,2,4,8,trace_overlap,24,3,284,False,0.031044332776218653,1,"('both', 'left', 'right')",100,332,116,196,21
281,0.0001,0.9990236253376914,0.0009763746623085985,4,2,4,8,trace_overlap,24,3,285,False,0.030145791824907064,1,"('both', 'left', 'right')",100,324,114,192,21
282,0.0001,0.9986026535517456,0.0013973464482543525,4,2,4,8,trace_overlap,24,3,286,False,0.030565875116735697,1,"('both', 'left', 'right')",100,324,114,192,21
283,0.0001,0.9966199485901046,0.003380051409895343,4,2,4,8,trace_overlap,24,3,287,False,0.031148250214755535,1,"('both', 'left', 'right')",100,324,114,192,21
284,0.0001,0.99768961439967,0.0023103856003300325,4,2,4,8,trace_overlap,24,3,288,False,0.030687875114381313,1,"('both', 'left', 'right')",100,356,114,196,21
285,0.0001,0.9965894611081765,0.003410538891823467,4,2,4,8,trace_overlap,24,3,289,False,0.03136762464419007,1,"('both', 'left', 'right')",100,324,112,192,21
286,0.0001,0.9966851043504654,0.003314895649534566,4,4,4,9,trace_overlap,24,3,290,False,0.032722000032663345,1,"('both', 'left', 'right')",100,468,114,200,21
287,0.0001,0.9999055105082943,9.44894917056801e-05,4,4,4,9,trace_overlap,24,3,291,False,0.03234808286651969,1,"('both', 'left', 'right')",100,468,114,200,21
288,0.0001,0.999907159326492,9.284067350802596e-05,4,4,4,9,trace_overlap,24,3,292,False,0.031858500093221664,1,"('both', 'left', 'right')",100,468,114,200,21
289,0.0001,0.9999154949279729,8.450507202701935e-05,4,4,4,9,trace_overlap,24,3,293,False,0.031185916624963284,1,"('both', 'left', 'right')",100,444,114,196,21
290,0.0001,0.9999366563520852,6.334364791478761e-05,4,4,4,9,trace_overlap,24,3,294,False,0.03166754124686122,1,"('both', 'left', 'right')",100,444,114,196,21
291,0.0001,0.9999873334053474,1.2666594652602416e-05,4,4,4,9,trace_overlap,24,3,295,False,0.03197537502273917,1,"('both', 'left', 'right')",100,604,114,200,21
292,0.0001,0.9999854114939686,1.4588506031393452e-05,4,4,4,9,trace_overlap,24,3,296,False,0.0323719996958971,1,"('both', 'left', 'right')",100,912,112,200,21
293,0.0001,0.9999794631480786,2.0536851921426542e-05,4,4,4,9,trace_overlap,24,3,297,False,0.032387916930019855,1,"('both', 'left', 'right')",100,912,112,200,21
294,0.0001,1.0,2.9580278334380476e-21,4,4,4,9,trace_overlap,24,3,298,False,0.03174341702833772,1,"('both', 'left', 'right')",100,624,112,196,21
295,0.0001,1.0,6.38749308513399e-20,4,4,4,9,trace_overlap,24,3,299,False,0.03174937516450882,1,"('both', 'left', 'right')",100,624,112,196,21
296,0.0001,1.0,6.461057913262884e-20,4,4,4,9,trace_overlap,24,3,300,False,0.03210679115727544,1,"('both', 'left', 'right')",100,624,112,196,21
297,0.0001,1.0,2.1081634818942797e-19,4,4,4,9,trace_overlap,24,3,301,False,0.03139966679736972,1,"('both', 'left', 'right')",100,624,112,196,21
298,0.0001,0.9974048278268461,0.0025951721731538448,4,4,4,9,trace_overlap,24,3,302,False,0.030628708191215992,1,"('both', 'left', 'right')",100,624,112,196,21
299,0.0001,1.0,0.0,4,4,4,9,trace_overlap,24,3,303,False,0.0318552921526134,1,"('both', 'left', 'right')",100,624,112,196,21
300,0.0001,1.0,2.925965189940533e-19,4,4,4,9,trace_overlap,24,3,304,False,0.03267016587778926,1,"('both', 'left', 'right')",100,1096,112,200,21
301,0.0001,0.9908526714275421,0.009147328572457947,4,4,4,9,trace_overlap,24,3,305,False,0.03220087522640824,1,"('both', 'left', 'right')",100,1096,112,200,21
302,0.0001,0.9937844811747127,0.006215518825287209,4,4,4,9,trace_overlap,24,3,306,False,0.03154158312827349,1,"('both', 'left', 'right')",100,1096,112,200,21
303,0.0001,0.9959520058321243,0.004047994167875689,8,4,8,9,trace_overlap,24,3,307,False,0.03208366595208645,1,"('both', 'left', 'right')",100,2288,114,208,21
304,0.0001,0.9946170077190889,0.005382992280911058,8,4,8,9,trace_overlap,24,3,308,False,0.032115207985043526,1,"('both', 'left', 'right')",100,2288,114,208,21
305,0.0001,0.9925535772638183,0.00744642273618172,8,4,8,9,trace_overlap,24,3,309,False,0.03164424980059266,1,"('both', 'left', 'right')",100,2248,114,204,21
306,0.0001,0.978821162330549,0.02117883766945092,8,2,8,9,trace_overlap,24,3,310,False,0.032455707900226116,1,"('both', 'left', 'right')",100,1720,114,200,21
307,0.0001,0.9860329177745533,0.013967082225446771,8,4,8,9,trace_overlap,24,3,311,False,0.03319820808246732,1,"('both', 'left', 'right')",100,2248,114,204,21
308,0.0001,0.9904868777882099,0.009513122211790149,8,4,8,9,trace_overlap,24,3,312,False,0.03147787507623434,1,"('both', 'left', 'right')",100,2248,114,204,21
309,0.0001,0.9908808307403892,0.009119169259610743,8,4,8,8,trace_overlap,24,3,313,False,0.03181741712614894,1,"('both', 'left', 'right')",100,1728,112,200,21
310,0.0001,0.9922982063462427,0.007701793653757319,8,4,8,8,trace_overlap,24,3,314,False,0.031967582646757364,1,"('both', 'left', 'right')",100,1792,112,204,21
311,0.0001,0.9999390742161717,6.092578382828473e-05,8,4,8,8,trace_overlap,24,3,315,False,0.03135029086843133,1,"('both', 'left', 'right')",100,1504,110,200,21
312,0.0001,0.9999261358149059,7.386418509414163e-05,8,4,8,8,trace_overlap,24,3,316,False,0.031082083005458117,1,"('both', 'left', 'right')",100,1504,110,200,21
313,0.0001,0.9892249091738281,0.010775090826171901,8,4,8,8,trace_overlap,24,3,317,False,0.0322285839356482,1,"('both', 'left', 'right')",100,1792,112,204,21
314,0.0001,0.9967994972586338,0.003200502741366167,8,4,8,8,trace_overlap,24,3,318,False,0.033445625100284815,1,"('both', 'left', 'right')",100,1792,112,204,21
315,0.0001,0.9888715788865663,0.011128421113433712,8,4,8,9,trace_overlap,24,3,319,False,0.03268383303657174,1,"('both', 'left', 'right')",100,2312,114,208,21
316,0.0001,0.9968931316941996,0.0031068683058003903,8,4,8,10,trace_overlap,24,3,320,False,0.03197749983519316,1,"('both', 'left', 'right')",100,2020,116,212,21
317,0.0001,0.9973812765570871,0.0026187234429128833,8,4,8,9,trace_overlap,24,3,321,False,0.08292004186660051,1,"('both', 'left', 'right')",100,1060,114,204,21
318,0.0001,0.9950141908068766,0.004985809193123461,8,4,8,9,trace_overlap,24,3,322,False,0.03202562499791384,1,"('both', 'left', 'right')",100,1764,114,204,21
319,0.0001,0.9974737188021485,0.002526281197851515,8,4,8,9,trace_overlap,24,3,323,False,0.034260333981364965,1,"('both', 'left', 'right')",100,1844,114,208,21
320,0.0001,0.9954519920770679,0.00454800792293203,4,4,4,9,trace_overlap,24,3,324,False,0.033339583314955235,1,"('both', 'left', 'right')",100,1076,114,200,21
321,0.0001,0.9972731638472753,0.0027268361527246995,4,4,4,9,trace_overlap,24,3,325,False,0.03326250007376075,1,"('both', 'left', 'right')",100,1076,114,200,21
322,0.0001,0.9981355704926517,0.0018644295073483546,4,4,4,9,trace_overlap,24,3,326,False,0.03133525000885129,1,"('both', 'left', 'right')",100,1076,114,200,21
323,0.0001,0.9954226711027241,0.004577328897275895,4,4,4,10,trace_overlap,24,3,327,False,0.03281945921480656,1,"('both', 'left', 'right')",100,1340,116,204,21
324,0.0001,0.9944743749746856,0.0055256250253143905,4,2,4,10,trace_overlap,24,3,328,False,0.032981082797050476,1,"('both', 'left', 'right')",100,1540,116,204,21
325,0.0001,0.997914180381209,0.0020858196187909885,4,2,4,10,trace_overlap,24,3,329,False,0.03401041682809591,1,"('both', 'left', 'right')",100,1540,116,204,21
326,0.0001,0.9981137133480062,0.0018862866519937132,4,2,4,10,trace_overlap,24,3,330,False,0.034883624874055386,1,"('both', 'left', 'right')",100,2532,116,204,21
327,0.0001,0.9999999980076935,1.992306492681654e-09,4,2,4,10,trace_overlap,24,3,331,False,0.03278379188850522,1,"('both', 'left', 'right')",100,2532,116,204,21
328,0.0001,0.9987000881835671,0.0012999118164327998,4,2,4,10,trace_overlap,24,3,332,False,0.03248558286577463,1,"('both', 'left', 'right')",100,2580,116,206,21
329,0.0001,0.997014047196242,0.0029859528037580537,4,2,4,10,trace_overlap,24,3,333,False,0.03212591679766774,1,"('both', 'left', 'right')",100,2508,118,208,21
330,0.0001,0.9982408705572715,0.0017591294427284619,4,2,4,10,trace_overlap,24,3,334,False,0.03211154183372855,1,"('both', 'left', 'right')",100,2652,120,212,21
331,0.0001,0.9999403205431592,5.967945684082736e-05,4,2,4,10,trace_overlap,24,3,335,False,0.033334665931761265,1,"('both', 'left', 'right')",100,2604,118,204,21
332,0.0001,0.9944886495931052,0.0055113504068948025,4,2,4,10,trace_overlap,24,3,336,False,0.033859791699796915,1,"('both', 'left', 'right')",100,2628,120,208,21
333,0.0001,0.9941927472630783,0.005807252736921762,4,2,4,10,trace_overlap,24,3,337,False,0.032274709083139896,1,"('both', 'left', 'right')",100,1588,120,204,21
334,0.0001,0.9982257412171243,0.001774258782875773,4,2,4,10,trace_overlap,24,3,338,False,0.03216433338820934,1,"('both', 'left', 'right')",100,1284,120,204,21
335,0.0001,1.0,1.5037993115835983e-19,4,2,4,10,trace_overlap,24,3,339,False,0.030437958892434835,1,"('both', 'left', 'right')",100,1284,120,204,21
336,0.0001,1.0,9.582959629224421e-20,4,4,4,10,trace_overlap,24,3,340,False,0.032427540980279446,1,"('both', 'left', 'right')",100,2832,120,210,21
337,0.0001,1.0,6.009837714890034e-20,8,2,8,11,trace_overlap,24,3,341,False,0.03242220776155591,1,"('both', 'left', 'right')",100,4368,122,218,21
338,0.0001,1.0,2.822594852799374e-20,8,2,8,11,trace_overlap,24,3,342,False,0.03313708305358887,1,"('both', 'left', 'right')",100,4380,124,222,21
339,0.0001,1.0,2.286043942915826e-20,8,2,8,10,trace_overlap,24,3,343,False,0.033950542099773884,1,"('both', 'left', 'right')",100,4428,124,226,21
340,0.0001,1.0,3.146603031583917e-20,8,2,8,10,trace_overlap,24,3,344,False,0.03301254194229841,1,"('both', 'left', 'right')",100,4428,124,226,21
341,0.0001,1.0,2.370307170665373e-20,8,2,8,9,trace_overlap,24,3,345,False,0.03177895816043019,1,"('both', 'left', 'right')",100,3372,122,222,21
342,0.0001,1.0,2.3703073941023986e-20,8,2,8,9,trace_overlap,24,3,346,False,0.031006416771560907,1,"('both', 'left', 'right')",100,3372,122,222,21
